CREATE DATABASE  IF NOT EXISTS `mydb` /*!40100 DEFAULT CHARACTER SET utf8mb3 */ /*!80016 DEFAULT ENCRYPTION='N' */;
USE `mydb`;
-- MySQL dump 10.13  Distrib 8.0.30, for Win64 (x86_64)
--
-- Host: localhost    Database: mydb
-- ------------------------------------------------------
-- Server version	8.0.30

/*!40101 SET @OLD_CHARACTER_SET_CLIENT=@@CHARACTER_SET_CLIENT */;
/*!40101 SET @OLD_CHARACTER_SET_RESULTS=@@CHARACTER_SET_RESULTS */;
/*!40101 SET @OLD_COLLATION_CONNECTION=@@COLLATION_CONNECTION */;
/*!50503 SET NAMES utf8 */;
/*!40103 SET @OLD_TIME_ZONE=@@TIME_ZONE */;
/*!40103 SET TIME_ZONE='+00:00' */;
/*!40014 SET @OLD_UNIQUE_CHECKS=@@UNIQUE_CHECKS, UNIQUE_CHECKS=0 */;
/*!40014 SET @OLD_FOREIGN_KEY_CHECKS=@@FOREIGN_KEY_CHECKS, FOREIGN_KEY_CHECKS=0 */;
/*!40101 SET @OLD_SQL_MODE=@@SQL_MODE, SQL_MODE='NO_AUTO_VALUE_ON_ZERO' */;
/*!40111 SET @OLD_SQL_NOTES=@@SQL_NOTES, SQL_NOTES=0 */;

--
-- Table structure for table `cargos`
--

DROP TABLE IF EXISTS `cargos`;
/*!40101 SET @saved_cs_client     = @@character_set_client */;
/*!50503 SET character_set_client = utf8mb4 */;
CREATE TABLE `cargos` (
  `CAR_IdCargo` int NOT NULL AUTO_INCREMENT,
  `CAR_Cargo` varchar(45) NOT NULL,
  `CAR_VlrSalario` float NOT NULL,
  PRIMARY KEY (`CAR_IdCargo`)
) ENGINE=InnoDB AUTO_INCREMENT=5 DEFAULT CHARSET=utf8mb3;
/*!40101 SET character_set_client = @saved_cs_client */;

--
-- Dumping data for table `cargos`
--

LOCK TABLES `cargos` WRITE;
/*!40000 ALTER TABLE `cargos` DISABLE KEYS */;
INSERT INTO `cargos` VALUES (1,'Auxiliar',1300),(2,'Vendedor',1800),(3,'Administrativo',2300),(4,'Gerente',3000);
/*!40000 ALTER TABLE `cargos` ENABLE KEYS */;
UNLOCK TABLES;

--
-- Table structure for table `clientes`
--

DROP TABLE IF EXISTS `clientes`;
/*!40101 SET @saved_cs_client     = @@character_set_client */;
/*!50503 SET character_set_client = utf8mb4 */;
CREATE TABLE `clientes` (
  `CLI_IdCliente` int NOT NULL AUTO_INCREMENT,
  `CLI_Nome` varchar(50) NOT NULL,
  `CLI_NumCPF` varchar(15) NOT NULL,
  `CLI_NumRG` varchar(15) NOT NULL,
  `CLI_DtdNascimento` date NOT NULL,
  `CLI_Email` varchar(100) DEFAULT NULL,
  `CLI_Telefone` varchar(15) NOT NULL,
  `CLI_Endereco` varchar(100) NOT NULL,
  `CLI_NumEndereco` varchar(10) NOT NULL,
  `CLI_Bairro` varchar(45) NOT NULL,
  `CLI_Cidade` varchar(45) NOT NULL,
  PRIMARY KEY (`CLI_IdCliente`),
  UNIQUE KEY `CLI_NumRG_UNIQUE` (`CLI_NumRG`),
  UNIQUE KEY `CLI_NumCPF_UNIQUE` (`CLI_NumCPF`)
) ENGINE=InnoDB AUTO_INCREMENT=48 DEFAULT CHARSET=utf8mb3;
/*!40101 SET character_set_client = @saved_cs_client */;

--
-- Dumping data for table `clientes`
--

LOCK TABLES `clientes` WRITE;
/*!40000 ALTER TABLE `clientes` DISABLE KEYS */;
INSERT INTO `clientes` VALUES (1,'GUILHERME PETRONILHO MACIEL','41085295474','659564862','2000-08-26','guilherme.maciel@gmail.com','11958854662','RUA DE MOGI','50','JD. FLORESTA','MOGI DAS CRUZES'),(2,'Dorey Brownsey','41126380769','179585253','1994-08-19','dbrownsey0@slate.com','11970813516','RUA RUI BARBOSA','123','JD. MAIA','SÃO PAULO'),(3,'Alene Diglin','41167507150','725521348','2004-09-03','adiglin1@theatlantic.com','11982784330','RUA SANTA CATARINA','34','JD. CAROLINA','SÃO PAULO'),(4,'Loella Stoven','41208674657','197543778','1995-06-29','lstoven2@diigo.com','11994767114','RUA MINAS GERAIS','65','JD. VIANA','ITAQUAQUECETUBA'),(5,'Millie Rowbury','41249883332','798073483','1993-11-08','mrowbury3@php.net','11925001341','RUA SANTOS DUMONT','44','VILA AUGUSTA','GUARULHOS'),(6,'Karlene Pearce','41291133215','217298156','1986-03-10','kpearce4@ycombinator.com','11926193841','RUA ESPIRITO SANTO','56','JD. SONIA','SÃO PAULO'),(7,'Bunni Daubney','41332424348','877880831','1991-04-23','bdaubney5@amazon.co.jp','11938120034','RUA VINTE E DOIS','6578','VILA MADALENA','SÃO PAULO'),(8,'Kalil Beteriss','41373756772','239027971','1995-10-06','kbeteriss6@stumbleupon.com','11950058155','RUA DA PAZ','545','TATUAPE','SÃO PAULO'),(9,'Horatius Millgate','41415130529','965668914','2001-04-02','hmillgate7@shinystat.com','11962008213','RUA TREZE DE MAIO','657','VILA CARRÃO','SÃO PAULO'),(10,'Itch Rickcord','41456545660','262930768','1993-08-11','irickcord8@loc.gov','11973970221','RUA RIO DE JANEIRO','677','JD. VIANA','ITAQUAQUECETUBA'),(11,'Anabel Cleyburn','41498002205','666160510','1987-01-22','acleyburn9@cyberchimps.com','11985944191','RUA BAHIA','454','JD. NÉLIA','SÃO PAULO'),(12,'Damien Howel','41539500208','181381105','2001-01-22','dhowela@deviantart.com','11997930135','RUA AMAZONAS','7','CUMBICA','GUARULHOS'),(13,'Catherine Baumaier','32868236379','732776561','1999-06-11','cbaumaierb@i2i.jp','11925239841','RUA DEZOITO','7254','GOPOÚVA','GUARULHOS'),(14,'Pen Coop','32901104615','199519216','1994-07-22','pcoopc@shutterfly.com','11926432365','RUA SAO SEBASTIAO','3428','JD. MAIA','SÃO PAULO'),(15,'Robbyn Dawkes','32934005720','806054217','1998-04-29','rdawkesd@hexun.com','11938358797','RUA PARANA','525','JD. CAROLINA','SÃO PAULO'),(16,'Cecil Lougheed','32966939725','219471137','1997-07-19','clougheede@dailymail.co.uk','11950297156','RUA BELA VISTA','78','VILA SIMONE','SÃO PAULO'),(17,'Felecia Chattell','32999906665','886659639','2002-12-21','fchattellf@sitemeter.com','11962247453','RUA SANTA LUZIA','452','VILA AUGUSTA','GUARULHOS'),(18,'Wilone Musson','33032906572','241418251','2000-12-23','wmussong@free.fr','11974209700','RUA SAO JORGE','288','JD SONIA','SÃO PAULO'),(19,'Theresita Couch','33065939478','975325603','1993-03-17','tcouchh@discuz.net','11986183910','RUA DEZENOVE','877','VILA MADALENA','SÃO PAULO'),(20,'Austine Gartin','33099005418','265560076','1997-08-30','agartini@google.pl','11925013266','RUA CASTRO ALVES','68','TATUAPE','SÃO PAULO'),(21,'Micheil Seldner','33132104423','672822115','2001-01-06','mseldnerj@youku.com','11926205767','RUA DUQUE DE CAXIAS','788','VILA CARRÃO','SÃO PAULO'),(22,'Beitris Fury','33165236528','183194916','1999-10-13','bfuryk@samsung.com','11938131973','RUA PROJETADA','789','JD. MARAGOGIPE','ITAQUAQUECETUBA'),(23,'Stacie Smallbone','33198401764','740104327','1987-02-13','ssmallbonel@netvibes.com','11950070105','RUA DAS FLORES','215','CECAP','GUARULHOS'),(24,'Danyelle Ivashkin','33231600166','201514408','1993-01-15','divashkinm@joomla.org','11962020175','RUA SERGIPE','354','CUMBICA','GUARULHOS'),(25,'Keri Python','33264831766','814114760','1992-03-07','kpythonn@businesswire.com','11973982195','RUA VITORIA','452','BELA VISTA','SÃO PAULO'),(26,'Elsey Brundle','33298096598','221665849','1998-05-24','ebrundleo@amazon.co.jp','11985956177','RUA JOSÉ BONIFÁCIO','854','HIGIENÓPOLIS','SÃO PAULO'),(27,'Hadlee Klimowski','33331394695','895526236','1997-07-19','hklimowskip@yelp.com','11997942133','RUA BELO HORIZONTE','258','PINHEIROS','SÃO PAULO'),(28,'VICTOR FREDERICO','473.770.799-72','22.989.878-6','1995-08-06','visouza@gmail.com','11985246595','RUA JOSE ALBETO BARROS','262','PQ. BOTURUSSU','SÃO PAULO'),(29,'TESTE 28/10','400.888.555-99','25.855.566-6','1990-07-17','teste@teste','(11)98745-6321','RUA TESTE','10','TESTE','TESTE');
/*!40000 ALTER TABLE `clientes` ENABLE KEYS */;
UNLOCK TABLES;

--
-- Table structure for table `funcionarios`
--

DROP TABLE IF EXISTS `funcionarios`;
/*!40101 SET @saved_cs_client     = @@character_set_client */;
/*!50503 SET character_set_client = utf8mb4 */;
CREATE TABLE `funcionarios` (
  `FUN_IdFuncionario` int NOT NULL AUTO_INCREMENT,
  `FUN_Nome` varchar(50) NOT NULL,
  `FUN_NumCPF` varchar(15) NOT NULL,
  `FUN_NumRG` varchar(15) NOT NULL,
  `FUN_DtdNascimento` date NOT NULL,
  `FUN_IdCargo` int NOT NULL,
  `FUN_Email` varchar(100) DEFAULT NULL,
  `FUN_Endereco` varchar(100) DEFAULT NULL,
  `FUN_NumEndereco` varchar(10) DEFAULT NULL,
  `FUN_Bairro` varchar(45) DEFAULT NULL,
  `FUN_Cidade` varchar(45) DEFAULT NULL,
  `FUN_Telefone` varchar(15) DEFAULT NULL,
  `FUN_Sexo` varchar(10) DEFAULT NULL,
  PRIMARY KEY (`FUN_IdFuncionario`),
  UNIQUE KEY `FUN_NumCPF_UNIQUE` (`FUN_NumCPF`),
  UNIQUE KEY `FUN_NumRG_UNIQUE` (`FUN_NumRG`),
  UNIQUE KEY `FUN_Email_UNIQUE` (`FUN_Email`),
  KEY `FUN_IdCargo_FK_idx` (`FUN_IdCargo`),
  CONSTRAINT `FUN_IdCargo_FK` FOREIGN KEY (`FUN_IdCargo`) REFERENCES `cargos` (`CAR_IdCargo`)
) ENGINE=InnoDB AUTO_INCREMENT=14 DEFAULT CHARSET=utf8mb3;
/*!40101 SET character_set_client = @saved_cs_client */;

--
-- Dumping data for table `funcionarios`
--

LOCK TABLES `funcionarios` WRITE;
/*!40000 ALTER TABLE `funcionarios` DISABLE KEYS */;
INSERT INTO `funcionarios` VALUES (2,'Diego Alves Santana','40228588855','q23e234','1990-07-17',3,'diego.alves.santana@hotmail.com','Rua Marapendi, 215','215','Itaim Paulista','São Paulo','5511954578047','Masc'),(10,'Joice Alves','405.885.888-55','121213','1986-03-10',4,'joice.alves.santana@hotmail.com','Rua Marapendi, 215','215','Itaim Paulista','São Paulo','5511954578047','Femi'),(11,'BRENO SANTANA','400.800.900-00','408006000','1990-10-21',2,'breno.alves.santana@hotmail.com','Rua Marapendi, 215','215','Itaim Paulista','São Paulo','5511954578047','Masc'),(12,'LUCAS BATISTA','113.570.720-07','12.198.142-3','2000-10-08',3,'lucasbatista@gmail.com','RUA PIACATUBA','51','ITAIM PAULISTA','SÃO PAULO','11978565858','Masculino');
/*!40000 ALTER TABLE `funcionarios` ENABLE KEYS */;
UNLOCK TABLES;

--
-- Table structure for table `marcas`
--

DROP TABLE IF EXISTS `marcas`;
/*!40101 SET @saved_cs_client     = @@character_set_client */;
/*!50503 SET character_set_client = utf8mb4 */;
CREATE TABLE `marcas` (
  `MAR_IdMarca` int NOT NULL AUTO_INCREMENT,
  `MAR_Marca` varchar(45) NOT NULL,
  PRIMARY KEY (`MAR_IdMarca`),
  UNIQUE KEY `MAR_Marca_UNIQUE` (`MAR_Marca`)
) ENGINE=InnoDB AUTO_INCREMENT=12 DEFAULT CHARSET=utf8mb3;
/*!40101 SET character_set_client = @saved_cs_client */;

--
-- Dumping data for table `marcas`
--

LOCK TABLES `marcas` WRITE;
/*!40000 ALTER TABLE `marcas` DISABLE KEYS */;
INSERT INTO `marcas` VALUES (1,'CHEVROLET'),(2,'CITROEN'),(3,'FIAT'),(4,'FORD'),(5,'HONDA'),(6,'JEEP'),(7,'NISSAN'),(8,'PEUGEOT'),(9,'RENAULT'),(10,'TOYOTA'),(11,'VOLKSWAGEM');
/*!40000 ALTER TABLE `marcas` ENABLE KEYS */;
UNLOCK TABLES;

--
-- Table structure for table `modelos`
--

DROP TABLE IF EXISTS `modelos`;
/*!40101 SET @saved_cs_client     = @@character_set_client */;
/*!50503 SET character_set_client = utf8mb4 */;
CREATE TABLE `modelos` (
  `MOD_IdModelo` int NOT NULL AUTO_INCREMENT,
  `MOD_IdMarca` int NOT NULL,
  `MOD_Modelo` varchar(100) NOT NULL,
  PRIMARY KEY (`MOD_IdModelo`),
  UNIQUE KEY `MOD_Modelo_UNIQUE` (`MOD_Modelo`),
  KEY `MOD_IdMarca_idx` (`MOD_IdMarca`),
  CONSTRAINT `MOD_IdMarca` FOREIGN KEY (`MOD_IdMarca`) REFERENCES `marcas` (`MAR_IdMarca`)
) ENGINE=InnoDB AUTO_INCREMENT=121 DEFAULT CHARSET=utf8mb3;
/*!40101 SET character_set_client = @saved_cs_client */;

--
-- Dumping data for table `modelos`
--

LOCK TABLES `modelos` WRITE;
/*!40000 ALTER TABLE `modelos` DISABLE KEYS */;
INSERT INTO `modelos` VALUES (1,1,'ASTRA GLS 2.0 MPFI'),(2,1,'ASTRA GLS 2.0 MPFI SW'),(3,1,'ASTRA GSI 2.0 16V 136CV HATCHBACK 5P'),(4,1,'ASTRA S.SPORT 2.0 F.POW. 5P/SPORT 2.0 3P'),(5,1,'ASTRA SED. ADVANT. 2.0 8V MPFI FLEXP. 4P'),(6,1,'ASTRA SED.ADVANT. 2.0 8V MPFI FLEXP. AUT'),(7,1,'CORSA HAT. JOY 1.0/ 1.0 FLEXPOWER 8V 5P'),(8,1,'CORSA HAT. JOY 1.8 MPFI 8V FLEXPOWER 5P'),(9,1,'CORSA HAT. MAXX 1.0/ 1.0 FLEXPOWER 8V 5P'),(10,1,'CORSA HAT. MAXX 1.4 8V ECONOFLEX 5P'),(11,1,'CORSA HAT. MAXX 1.8 MPFI 8V FLEXPOWER 5P'),(12,1,'CELTA SPIRIT 1.0 MPFI 8V FLEXPOWER 5P'),(13,1,'CELTA SPIRIT 1.0 MPFI VHC 8V 3P'),(14,1,'CELTA SPIRIT 1.0 MPFI VHC 8V 5P'),(15,1,'CELTA SPIRIT 1.4 MPFI 8V 85CV 3P'),(16,1,'CELTA SPIRIT 1.4 MPFI 8V 85CV 5P'),(17,1,'CELTA SUPER 1.0 MPFI 8V FLEXPOWER 3P'),(18,1,'CELTA SUPER 1.0 MPFI 8V FLEXPOWER 5P'),(19,2,'AX GTI'),(20,2,'BERLINGO MULTSPACE GLX 1.6 16V 110CV 4P'),(21,3,'UNO VIVACE 4P 1.0'),(22,3,'PALIO WEEKEND 4P 1.6'),(23,3,'PULSE 1.3 DRIVE'),(24,3,'PULSE 1.0 TURBO'),(25,3,'TORO FREEDOM 1.3 TURBO 4X2'),(26,3,'STRADA 1.4 CABINE PLUS ENDURANCE'),(27,3,'MOBI 1.0 EASY'),(28,3,'MOBI 1.0 TREKKING'),(29,3,'147 C/ CL14'),(30,3,'BRAVA ELX 1.6 16V 4P'),(31,3,'BRAVA HGT 1.8 MPI 16V 4P'),(32,3,'BRAVO SX 1.6'),(33,3,'DOBLO ADV/ADV TRYON/LOCKER 1.8 8V'),(34,3,'DOBLO ADVENTURE/ ADV.ER 1.8 MPI 8V 103CV'),(35,3,'DOBLO CARGO 1.3 FIRE 16V 4/5P'),(36,3,'DOBLO CARGO 1.6 16V 4/5P'),(37,3,'DUCATO MAXICARGO/FURGÃO MAXI 2.8 TB DIES'),(38,3,'DUCATO MINIBUS 2.8'),(39,3,'DUCATO MINIBUS 2.8 TURBO'),(40,3,'DUCATO MULT/ VETRATO 2.8 T.ALTO TB DIES'),(41,3,'DUCATO MULT/ VETRATO 2.8 T.BAIXO TB DIES'),(42,3,'CRONOS 4P 1.0'),(43,3,'DUCATO VAN 2.5'),(44,3,'FIORINO FURGÃO 1.0'),(45,3,'FIORINO FURGÃO 1.5 MPI / I.E.'),(46,3,'FIORINO PICK-UP 1.0'),(47,3,'FIORINO PICK-UP 1.5 I.E. / 1.3/1.5 /HD'),(48,3,'FIORINO PICK-UP TREKKING 1.5 MPI / I.E'),(49,3,'IDEA ELX 1.4 MPI FIRE FLEX 8V 5P'),(50,3,'IDEA ELX 1.8 MPI FLEX 8V 5P'),(51,3,'IDEA HLX 1.8 MPI FLEX 8V 5P'),(52,3,'LINEA 1.9 LX DUALOGIC FLEX 16V 4P'),(53,3,'LINEA 1.9 LX FLEX 16V 4P'),(54,3,'LINEA 1.9/ 1.9 HLX FLEX 16V 4P'),(55,4,'FIESTA ROCAM 4P 1.6'),(56,4,'RANGER 3.2 LIMITED 4X4 20V 4P AUTOMÁTICO'),(57,4,'ECOSPORT XL 1.6/ 1.6 FLEX 8V 5P'),(58,4,'ECOSPORT XLS 1.6/ 1.6 FLEX 8V 5P'),(59,4,'FOCUS 2.0 16V 5P'),(60,4,'FOCUS 2.0 16V 5P AUT.'),(61,4,'FOCUS SEDAN 1.6/ 1.6 FLEX 8V 4P'),(62,4,'FOCUS SEDAN 2.0 16V 4P AUT.'),(63,4,'FOCUS SEDAN 2.0 16V 4P'),(64,4,'KA 1.0 8V FLEX 3P'),(65,4,'ECOSPORT 4WD 2.0/ 2.0 FLEX 16V 5P'),(66,4,'ECOSPORT XL SUPERCHARGER 1.0 8V 95CV 5P'),(67,4,'FOCUS GHIA HATCH 2.0 16V 5P AUT.'),(68,4,'FOCUS GHIA SEDAN 2.0 16V 4P'),(69,4,'FOCUS GHIA SEDAN 2.0 16V 4P AUT.'),(70,4,'FOCUS GHIA/ XR HATCH 2.0 16V 5P'),(71,4,'FOCUS SEDAN 1.8 16V 115CV 4P'),(72,4,'KA 1.0 TECNO 8V FLEX 3P'),(73,4,'KA 1.0I 3P'),(74,4,'KA 1.6 8V FLEX 3P'),(75,4,'KA 1.6 TECNO 8V FLEX 3P'),(76,4,'KA ACTION 1.6 MPI 8V 95CV'),(77,5,'FIT 4P 1.0'),(78,5,'CIVIC LX 2.0 CVT'),(79,5,'CIVIC SPORT 2.0 CVT'),(80,5,'CIVIC EX 2.0 CVT'),(81,5,'CIVIC EXL 2.0 CVT'),(82,5,'CIVIC TOURING 1.5 TURBO CVT'),(83,6,'COMPASS LIMITED 1.3'),(84,6,'COMPASS 1.3 T270 SPORT'),(85,6,'COMPASS 1.3 T270 LONGITUDE'),(86,7,'MARCH 4P 1.0'),(87,7,'MARCH SE 4P 1.0'),(88,8,'106 KID 1.0'),(89,9,'CLIO HATCH 4P 1.0'),(90,10,'COROLLA ALTIS 1.8 16V AUT HIBRIDO'),(91,10,'COROLLA ALTIS PREM. 1.8 AUT. HÍBRIDO'),(92,10,'COROLLA CROSS SE 1.8 16V AUT (HÍBRIDO)'),(93,10,'COROLLA CROSS XR 2.0 16V FLEX AUT.'),(94,10,'RAV4 2.5 SX CONNECT 4X4 AUT. (HÍBRIDO)'),(95,10,'YARIS XL LIVE SEDAN 1.5 FLEX 16V 4P AUT.'),(96,10,'HILUX SW4 DIAMOND 2.8 TB 4X4 DIE. AUT.'),(97,11,'NIVUS HIGHLINE 1.0 TSI'),(98,11,'POLO HIGHLINE 1.0'),(99,11,'VOYAGE HIGHLINE 1.6 SEDA'),(100,11,'KOMBI STANDARD LAST EDITION'),(101,11,'GOLF COMFORTLINE TSI AT 1.4'),(102,11,'KOMBI STANDARD'),(103,11,'GOL 2022 1.0 MT'),(104,11,'GOL 2022 1.6 MT'),(105,11,'GOL 2022 1.6 AT'),(106,11,'VOYAGE 1.6 (AUT) 2022'),(107,11,'VOYAGE 1.6 2022'),(108,11,'VOYAGE 1.0 2022');
/*!40000 ALTER TABLE `modelos` ENABLE KEYS */;
UNLOCK TABLES;

--
-- Table structure for table `usuarios`
--

DROP TABLE IF EXISTS `usuarios`;
/*!40101 SET @saved_cs_client     = @@character_set_client */;
/*!50503 SET character_set_client = utf8mb4 */;
CREATE TABLE `usuarios` (
  `USU_IdUsuario` int NOT NULL AUTO_INCREMENT,
  `USU_NomeUsuario` varchar(20) NOT NULL,
  `USU_Senha` varchar(255) NOT NULL,
  `USU_IdFuncionario` int DEFAULT NULL,
  `USU_NomeCompleto` varchar(50) DEFAULT NULL,
  `USU_Ativo` bit(1) NOT NULL,
  `USU_Email` varchar(100) NOT NULL,
  PRIMARY KEY (`USU_IdUsuario`),
  UNIQUE KEY `USU_NomeUsuario_UNIQUE` (`USU_NomeUsuario`),
  KEY `USU_IdFunc_FK_idx` (`USU_IdFuncionario`),
  CONSTRAINT `USU_IdFunc_FK` FOREIGN KEY (`USU_IdFuncionario`) REFERENCES `funcionarios` (`FUN_IdFuncionario`)
) ENGINE=InnoDB AUTO_INCREMENT=14 DEFAULT CHARSET=utf8mb3;
/*!40101 SET character_set_client = @saved_cs_client */;

--
-- Dumping data for table `usuarios`
--

LOCK TABLES `usuarios` WRITE;
/*!40000 ALTER TABLE `usuarios` DISABLE KEYS */;
INSERT INTO `usuarios` VALUES (1,'admin','1234',2,'Diego Santana',_binary '','dih.a.santana@gmail.com'),(2,'admin2','123456',NULL,NULL,_binary '','diego.alves.santana@hotmail.com'),(5,'admin3','123456',NULL,'Joice Santana',_binary '','joice.alves.santana@hotmail.com'),(6,'Teste','1010',NULL,NULL,_binary '','teste@teste'),(10,'joice.alves.santana','$2b$10$SJ/6qCOgsFDXBOHC39tLtuB.ZUxaYI2Am0C/JaJ.feLM8LKvweScu',10,'Joice Alves',_binary '','joice.alves.santana@hotmail.com'),(11,'breno.alves.santana','$2b$10$3YKVq7zaxjdy9BaFM0927.42bi55wwscPzxyMOCgj5A/pf/VYOjbi',11,'BRENO SANTANA',_binary '','breno.alves.santana@hotmail.com'),(12,'lucasbatista','$2b$10$bP5ixtQGEazynk03x2qOtOv8EfYzOnEAB2REhsG86yMrKlvABboPC',12,'LUCAS BATISTA',_binary '\0','lucasbatista@gmail.com'),(13,'teste.teste','$2b$10$SoHTnvzSBQaf/Ji9m.ILdO5b8Nv5ad9ZLOSlWgu12CHWOfViNGgU2',NULL,'TESTE',_binary '\0','teste.teste@teste.com');
/*!40000 ALTER TABLE `usuarios` ENABLE KEYS */;
UNLOCK TABLES;

--
-- Table structure for table `veiculos`
--

DROP TABLE IF EXISTS `veiculos`;
/*!40101 SET @saved_cs_client     = @@character_set_client */;
/*!50503 SET character_set_client = utf8mb4 */;
CREATE TABLE `veiculos` (
  `VEI_IdVeiculo` int NOT NULL,
  `VEI_Marca` varchar(15) NOT NULL,
  `VEI_Modelo` varchar(100) NOT NULL,
  `VEI_NumRenavam` bigint NOT NULL,
  `VEI_Placa` varchar(8) NOT NULL,
  `VEI_Ano` int NOT NULL,
  `VEI_Cor` varchar(10) NOT NULL,
  `VEI_Valor` float NOT NULL,
  `VEI_Novo` tinyint NOT NULL,
  `VEI_Km` float DEFAULT NULL,
  `VEI_Combustivel` varchar(10) NOT NULL,
  `VEI_Disponibilidade` tinyint DEFAULT NULL,
  `VEI_Observacoes` varchar(255) DEFAULT NULL,
  PRIMARY KEY (`VEI_IdVeiculo`),
  UNIQUE KEY `VEI_Placa_UNIQUE` (`VEI_Placa`),
  UNIQUE KEY `VEI_NumRenavam_UNIQUE` (`VEI_NumRenavam`)
) ENGINE=InnoDB DEFAULT CHARSET=utf8mb3;
/*!40101 SET character_set_client = @saved_cs_client */;

--
-- Dumping data for table `veiculos`
--

LOCK TABLES `veiculos` WRITE;
/*!40000 ALTER TABLE `veiculos` DISABLE KEYS */;
INSERT INTO `veiculos` VALUES (1,'CHEVROLET','ASTRA GLS 2.0 MPFI',56959632506,'JVC-0512',2016,'CINZA',14.9,0,35474,'GASOLINA',1,''),(2,'CHEVROLET','ASTRA GLS 2.0 MPFI SW',70589493129,'DOT-8496',2015,'VERMELHO',8800,0,13594,'GASOLINA',1,''),(3,'CHEVROLET','ASTRA GSI 2.0 16V 136CV HATCHBACK 5P',94653021759,'HYE-5326',2016,'AMARELO',26600,0,20500,'GASOLINA',1,NULL),(4,'CHEVROLET','ASTRA S.SPORT 2.0 F.POW. 5P/SPORT 2.0 3P',69978536228,'BNR-4864',2013,'AMARELO',31000,0,22382,'GASOLINA',1,''),(5,'CHEVROLET','ASTRA SED. ADVANT. 2.0 8V MPFI FLEXP. 4P',6710677444,'WGT-4042',2016,'PRATA',31800,0,22819,'GASOLINA',1,''),(6,'CHEVROLET','ASTRA SED.ADVANT. 2.0 8V MPFI FLEXP. AUT',24948996426,'QYT-0781',2020,'PRETO',31000,0,17147,'GASOLINA',1,''),(7,'CHEVROLET','CORSA HAT. JOY 1.0/ 1.0 FLEXPOWER 8V 5P',47365690120,'NEE-3875',2013,'PRATA',20400,0,10618,'GASOLINA',1,''),(8,'CHEVROLET','CORSA HAT. JOY 1.8 MPFI 8V FLEXPOWER 5P',77760019684,'SEV-4218',2019,'BRANCO',19700,0,25150,'GASOLINA',1,''),(9,'CHEVROLET','CORSA HAT. MAXX 1.0/ 1.0 FLEXPOWER 8V 5P',54256009607,'PBX-1985',2019,'BRANCO',22400,0,32290,'GASOLINA',1,''),(10,'CHEVROLET','CORSA HAT. MAXX 1.4 8V ECONOFLEX 5P',63127024172,'BMP-2853',2019,'BRANCO',28600,0,29611,'GASOLINA',1,''),(11,'CHEVROLET','CORSA HAT. MAXX 1.8 MPFI 8V FLEXPOWER 5P',73638345945,'TUC-9943',2020,'BRANCO',22900,0,15265,'GASOLINA',1,''),(12,'CHEVROLET','CELTA SPIRIT 1.0 MPFI 8V FLEXPOWER 5P',46634316538,'WCR-9612',2013,'BRANCO',21200,0,27723,'GASOLINA',1,''),(13,'CHEVROLET','CELTA SPIRIT 1.0 MPFI VHC 8V 3P',45458501679,'BBT-5602',2014,'PRETO',14300,0,10598,'GASOLINA',1,''),(14,'CHEVROLET','CELTA SPIRIT 1.0 MPFI VHC 8V 5P',69462986132,'ZXH-4163',2016,'PRATA',15900,0,36474,'GASOLINA',1,''),(15,'CHEVROLET','CELTA SPIRIT 1.4 MPFI 8V 85CV 3P',29393255038,'WAQ-2407',2015,'CINZA',15600,0,39514,'GASOLINA',1,''),(16,'CHEVROLET','CELTA SPIRIT 1.4 MPFI 8V 85CV 5P',3348252244,'YWY-4787',2013,'CINZA',23200,0,20972,'GASOLINA',1,''),(17,'CHEVROLET','CELTA SUPER 1.0 MPFI 8V FLEXPOWER 3P',34878901397,'IEH-4771',2013,'PRETO',21100,0,29899,'GASOLINA',1,''),(18,'CHEVROLET','CELTA SUPER 1.0 MPFI 8V FLEXPOWER 5P',89977300783,'CDT-0335',2015,'BRANCO',22200,0,37050,'GASOLINA',1,''),(19,'CITROEN','AX GTI',48228988542,'VCV-8521',1994,'BRANCO',4500,0,17374,'GASOLINA',1,''),(20,'CITROEN','BERLINGO MULTSPACE GLX 1.6 16V 110CV 4P',16163285975,'HYY-5252',2006,'PRETO',17500,0,10671,'GASOLINA',1,''),(21,'Citroen','AX GTI',56732818213,'NOU-7532',2014,'BRANCO',4500,0,12251,'GASOLINA',1,''),(22,'Citroen','BERLINGO MULTSPACE GLX 1.6 16V 110CV 4P',32740961601,'XRV-4985',2013,'PRETO',17500,0,32307,'GASOLINA',1,''),(23,'FIAT','UNO VIVACE 4P 1.0',91362502974,'ABC-4F40',2014,'VERDE',25000,0,12627,'GASOLINA',1,''),(24,'FIAT','PALIO WEEKEND 4P 1.6',18021663251,'EEE-7E77',2012,'Azul',20000,0,32467,'GASOLINA',1,''),(25,'FIAT','PULSE 1.3 DRIVE',32004341250,'EGH-9999',2023,'CINZA',99500,1,0,'GASOLINA',1,''),(26,'FIAT','PULSE 1.0 TURBO',29091647087,'FGH-9998',2023,'BRANCO',124500,1,0,'GASOLINA',1,''),(27,'FIAT','TORO FREEDOM 1.3 TURBO 4X2',37839755290,'UIU-9981',2022,'PRATA',144000,1,0,'FLEX',1,''),(28,'FIAT','STRADA 1.4 CABINE PLUS ENDURANCE',8516660476,'HJG-5451',2023,'BRANCO',98900,1,0,'FLEX',1,''),(29,'FIAT','MOBI 1.0 EASY',63121990738,'JJJ-9522',2023,'BRANCO',65500,1,0,'FLEX',1,''),(30,'FIAT','MOBI 1.0 TREKKING',82851530157,'JGH-9521',2023,'CINZA',64900,1,0,'FLEX',1,''),(31,'FIAT','147 C/ CL14',93695589769,'TQC-0541',2015,'AMARELO',3900,0,13317,'GASOLINA',1,''),(32,'FIAT','BRAVA ELX 1.6 16V 4P',46900366856,'YBZ-0435',2016,'VERMELHO',10200,0,18509,'GASOLINA',1,''),(33,'FIAT','BRAVA HGT 1.8 MPI 16V 4P',6149632429,'GQN-5991',2015,'VERMELHO',10800,0,27999,'GASOLINA',1,''),(34,'FIAT','BRAVO SX 1.6',71156373299,'ZAE-8075',2013,'PRETO',75000,0,37785,'ALCOOL',1,''),(35,'FIAT','DOBLO ADV/ADV TRYON/LOCKER 1.8 8V ',45408638445,'GWE-8560',2016,'PRATA',29600,0,39148,'FLEX',1,''),(36,'FIAT','DOBLO ADVENTURE/ ADV.ER 1.8 MPI 8V 103CV',60626398955,'WFR-0953',2019,'BRANCO',24900,0,11038,'GASOLINA',1,''),(37,'FIAT','DOBLO CARGO 1.3 FIRE 16V 4/5P',49038955491,'AZC-6595',2016,'BRANCO',24600,0,39352,'FLEX',1,''),(38,'FIAT','DOBLO CARGO 1.6 16V 4/5P',20539352087,'RVY-8260',2015,'PRETO',19900,0,34183,'FLEX ',1,''),(39,'FIAT','DUCATO MAXICARGO/FURGÃO MAXI 2.8 TB DIES',98982038720,'HVV-7122',2014,'PRATA',21800,0,37110,'DIESEL',1,''),(40,'FIAT','DUCATO MINIBUS 2.8 ',26183183485,'JHF-4608',2013,'BRANCO',40000,0,27202,'DIESEL',1,''),(41,'FIAT','DUCATO MINIBUS 2.8 TURBO ',10383082412,'YAF-6473',2012,'BRANCO',38400,0,22010,'DIESEL',1,''),(42,'FIAT','DUCATO MULT/ VETRATO 2.8 T.ALTO TB DIES',46089759750,'NXO-5386',2012,'BRANCO',30700,0,28974,'DIESEL',1,''),(43,'FIAT','DUCATO MULT/ VETRATO 2.8 T.BAIXO TB DIES',84792250280,'BVR-2716',2012,'VERMELHO',47200,0,21702,'DIESEL',1,''),(44,'FIAT','DUCATO MAXICARGO/FURGÃO MAXI 2.8 TB DIES',80438317388,'DLG-7059',2013,'VERMELHO',63000,0,35923,'DIESEL',1,''),(45,'FIAT','DUCATO MINIBUS 2.8',32907754763,'RLO-3185',2013,'CINZA',62100,0,24538,'DIESEL',1,''),(46,'FIAT','DUCATO MINIBUS 2.8 TURBO ',20590795971,'NJW-8983',2016,'PRETO',60000,0,20809,'DIESEL',1,''),(47,'FIAT','DUCATO MULT/ VETRATO 2.8 T.ALTO TB DIES',7262253785,'EUE-3572',2016,'PRETO',49900,0,34461,'DIESEL',1,''),(48,'FIAT','DUCATO MULT/ VETRATO 2.8 T.BAIXO TB DIES',76829755234,'GYH-8147',2016,'PRETO',55300,0,29536,'DIESEL',1,''),(49,'FIAT','DUCATO VAN 2.5',7518601676,'QSG-5947',2015,'PRETO',19900,0,11829,'DIESEL',1,''),(50,'FIAT','FIORINO FURGÃO 1.0',88691275004,'HTX-4599',2016,'PRATA',11000,0,16210,'GASOLINA',1,''),(51,'FIAT','FIORINO FURGÃO 1.5 MPI / I.E.',51234380657,'SUJ-5188',2016,'PRATA',14800,0,28519,'GASOLINA',1,''),(52,'FIAT','FIORINO PICK-UP 1.0',35953479859,'WYS-6645',2016,'AZUL',10600,0,14349,'GASOLINA',1,''),(53,'FIAT','FIORINO PICK-UP 1.5 I.E. / 1.3/1.5 /HD',85748674324,'HOR-6439',2019,'BRANCO',56700,0,33910,'GASOLINA',1,''),(54,'FIAT','FIORINO PICK-UP TREKKING 1.5 MPI / I.E',34348893500,'OVX-9732',2019,'BRANCO',14600,0,12845,'FLEX',1,''),(55,'FIAT','IDEA ELX 1.4 MPI FIRE FLEX 8V 5P',52627634802,'ZDW-7133',2012,'BRANCO',26000,0,15400,'FLEX',1,''),(56,'FIAT','IDEA ELX 1.8 MPI FLEX 8V 5P',2622352289,'IAK-1553',2013,'BRANCO',26700,0,21883,'FLEX',1,''),(57,'FIAT','IDEA HLX 1.8 MPI FLEX 8V 5P',33084236999,'KKA-9801',2012,'BRANCO',27000,0,22697,'FLEX',1,''),(58,'FIAT','PULSE 1.3 DRIVE',39530919682,'GEF-8834',2023,'CINZA',99500,1,0,'GASOLINA',1,''),(59,'FIAT','PULSE 1.0 TURBO',97013053609,'FVI-5426',2023,'BRANCO',124500,1,0,'GASOLINA',1,''),(60,'FIAT','LINEA 1.9 LX DUALOGIC FLEX 16V 4P',21892025524,'HLF-3002',2012,'VERMELHO',25100,0,11475,'FLEX',1,''),(61,'FIAT','LINEA 1.9 LX FLEX 16V 4P',24650248713,'FRO-5293',2012,'PRETO',26200,0,13361,'FLEX',1,''),(62,'FIAT','LINEA 1.9/ 1.9 HLX FLEX 16V 4P',70553167762,'BAQ-2048',2012,'PRETO',28400,0,37131,'FLEX',1,''),(63,'FIAT','TORO FREEDOM 1.3 TURBO 4X2',40212507368,'TRR-3062',2022,'PRATA',144000,1,0,'FLEX',1,''),(64,'FIAT','STRADA 1.4 CABINE PLUS ENDURANCE',93160677405,'BHC-0199',2023,'BRANCO',98900,1,0,'FLEX',1,''),(65,'FIAT','MOBI 1.0 EASY',77801064072,'OBR-5397',2023,'BRANCO',65500,1,0,'FLEX',1,''),(66,'FIAT','MOBI 1.0 TREKKING',55248938113,'TKG-7164',2023,'CINZA',64900,1,0,'FLEX',1,''),(67,'FORD','FIESTA ROCAM 4P 1.6',1195948795,'BBB-5G50',2014,'BRANCO',35000,0,31966,'FLEX',1,''),(68,'FORD','RANGER 3.2 LIMITED 4X4 20V 4P AUTOMÁTICO',7253835403,'QHI-9J75',2019,'AZUL',199900,0,18217,'DIESEL',1,''),(69,'FORD','ECOSPORT XL 1.6/ 1.6 FLEX 8V 5P',10817320918,'RFD-8210',2012,'AZUL',37900,0,13216,'GASOLINA',1,''),(70,'FORD','ECOSPORT XLS 1.6/ 1.6 FLEX 8V 5P',98133786953,'FGF-8510',2012,'VERMELHO',39200,0,15920,'FLEX',1,''),(71,'FORD','FOCUS 2.0 16V 5P',10211970710,'JJH-9524',2019,'PRETO',70600,0,13815,'GASOLINA',1,''),(72,'FORD','FOCUS 2.0 16V 5P AUT.',56155334390,'AAF-6965',2016,'PRETO',60600,0,12217,'GASOLINA',1,''),(73,'FORD','FOCUS SEDAN 1.6/ 1.6 FLEX 8V 4P',28110177255,'XXX-6524',2012,'PRETO',51400,0,16642,'GASOLINA',1,''),(74,'FORD','FOCUS SEDAN 2.0 16V 4P AUT.',71690833151,'XZC-9821',2016,'VERMELHO',63300,0,23951,'GASOLINA',1,''),(75,'FORD','FOCUS SEDAN 2.0 16V 4P',92527999785,'ZXS-8921',2013,'CINZA',40700,0,32966,'GASOLINA',1,''),(76,'FORD','KA 1.0 8V FLEX 3P',86524022240,'ZCW-3222',2013,'CINZA',26500,0,19716,'GASOLINA',1,''),(77,'FORD','ECOSPORT 4WD 2.0/ 2.0 FLEX 16V 5P',42014498628,'RCO-3320',2015,'CINZA',42000,0,38124,'FLEX',1,''),(78,'FORD','ECOSPORT XL 1.6/ 1.6 FLEX 8V 5P',33484707900,'LXU-4057',2012,'AZUL',37900,0,36099,'GASOLINA',1,''),(79,'FORD','ECOSPORT XL SUPERCHARGER 1.0 8V 95CV 5P',46478496993,'ZCG-1926',2016,'VERMELHO',23800,0,18253,'GASOLINA',1,''),(80,'FORD','ECOSPORT XLS 1.6/ 1.6 FLEX 8V 5P',57824498436,'HAO-6011',2012,'VERMELHO',39200,0,10607,'FLEX',1,''),(81,'FORD','FOCUS 2.0 16V 5P',16900695921,'MPG-4138',2019,'PRETO',70600,0,24037,'GASOLINA',1,''),(82,'FORD','FOCUS 2.0 16V 5P AUT.',37473774964,'EYL-5271',2016,'PRETO',60600,0,26870,'GASOLINA',1,''),(83,'FORD','FOCUS GHIA HATCH 2.0 16V 5P AUT',98100913131,'XNG-0772',2015,'VERMELHO',39100,0,32470,'FLEX',1,''),(84,'FORD','FOCUS GHIA SEDAN 2.0 16V 4P',83239243744,'GBU-3100',2015,'AMARELO',42700,0,26617,'FLEX',1,''),(85,'FORD','FOCUS GHIA SEDAN 2.0 16V 4P AUT.',96315735974,'POK-4013',2015,'VERMELHO',40300,0,10389,'GASOLINA',1,''),(86,'FORD','FOCUS GHIA/ XR HATCH 2.0 16V 5P',27540173804,'GXD-1224',2016,'PRETO',39100,0,31093,'GASOLINA',1,''),(87,'FORD','FOCUS SEDAN 1.6/ 1.6 FLEX 8V 4P',4026917372,'LXX-7496',2012,'PRETO',51400,0,32585,'GASOLINA',1,''),(88,'FORD','FOCUS SEDAN 1.8 16V 115CV 4P',79023934011,'XDS-5051',2016,'BRANCO',15800,0,39280,'GASOLINA',1,''),(89,'FORD','FOCUS SEDAN 2.0 16V 4P AUT.',98651838469,'HJM-9480',2016,'VERMELHO',63300,0,12263,'GASOLINA',1,''),(90,'FORD','FOCUS SEDAN 2.0 16V 4P',13686293014,'FJW-2426',2013,'CINZA',40700,0,29104,'GASOLINA',1,''),(91,'FORD','KA 1.0 8V FLEX 3P',27918689967,'TLS-9888',2013,'CINZA',26500,0,39532,'GASOLINA',1,''),(92,'FORD','KA 1.0 TECNO 8V FLEX 3P',75477670758,'CAZ-3176',2012,'CINZA',24900,0,11926,'GASOLINA',1,''),(93,'FORD','KA 1.0I 3P',87534533504,'DUR-0793',2016,'PRETO',12800,0,16161,'GASOLINA',1,''),(94,'FORD','KA 1.6 8V FLEX 3P',99107331469,'XGF-4041',2015,'PRETO',25700,0,14693,'GASOLINA',1,''),(95,'FORD','KA 1.6 TECNO 8V FLEX 3P',77517167534,'CHJ-7856',2015,'PRETO',26400,0,29509,'GASOLINA',1,''),(96,'FORD','KA ACTION 1.6 MPI 8V 95CV',71650948340,'CAS-9473',2019,'BRANCO',17700,0,32113,'GASOLINA',1,''),(97,'HONDA','FIT 4P 1.0',96301818623,'CCC-6C66',2015,'Branco',50000,1,0,'FLEX',1,''),(98,'HONDA','CIVIC LX 2.0 CVT  ',97943053250,'HAM-2766',2022,'PRATA',121000,1,0,'FLEX',1,''),(99,'HONDA','CIVIC SPORT 2.0 CVT ',76225677118,'YJN-8554',2022,'AMARELO',128500,1,0,'FLEX',1,''),(100,'HONDA','CIVIC EX 2.0 CVT ',43872041880,'UZP-5683',2022,'VERMELHO',133500,1,0,'FLEX',1,''),(101,'HONDA','CIVIC EXL 2.0 CVT ',39194105226,'IKC-0946',2022,'VERMELHO',139900,1,0,'FLEX',1,''),(102,'HONDA','CIVIC TOURING 1.5 TURBO CVT ',87748096195,'ZYI-3192',2022,'AZUL',164900,1,0,'FLEX',1,''),(103,'JEEP','COMPASS LIMITED 1.3',80705487152,'GHJ-9988',2023,'PRETO',187000,1,0,'FLEX',1,''),(104,'JEEP','COMPASS 1.3 T270 SPORT ',56624893570,'GGF-9525',2023,'BRANCO',178000,1,0,'FLEX',1,''),(105,'JEEP','COMPASS 1.3 T270 LONGITUDE',64642536607,'HGG-8925',2023,'PRATA',179000,1,0,'FLEX',1,''),(106,'JEEP','COMPASS 1.3 T270 SPORT ',20921241498,'HTH-8561',2023,'PRATA',178000,0,35040,'FLEX',1,''),(107,'JEEP','COMPASS LIMITED 1.3',50521219616,'ESL-8819',2023,'PRETO',187000,1,0,'FLEX',1,''),(108,'JEEP','COMPASS 1.3 T270 SPORT ',42655454104,'UEX-0323',2023,'BRANCO',178000,1,0,'FLEX',1,''),(109,'JEEP','COMPASS 1.3 T270 LONGITUDE',62514919544,'DWQ-1688',2023,'PRATA',179000,1,0,'FLEX',1,''),(110,'JEEP','COMPASS 1.3 T270 SPORT ',34097355542,'ILQ-8536',2023,'PRATA',178000,0,30357,'FLEX',1,''),(111,'NISSAN','MARCH 4P 1.0',806544351,'QOZ8H57',2018,'Preto',80000,1,0,'Flex',1,''),(112,'NISSAN','MARCH SE 4P 1.0',94045360423,'DDD-7D77',2018,'Preto',45000,0,34795,'FLEX',1,''),(113,'PEUGEOT','106 KID 1.0',26537890007,'HGH-9999',1995,'PRETO',52000,0,30418,'GASOLINA',1,''),(114,'Peugeot','106 KID 1.0',67892749584,'HGJ-9999',2013,'PRETO',52000,0,31811,'GASOLINA',1,''),(115,'RENAULT','CLIO HATCH 4P 1.0',37119819405,'FJJ-0614',2012,'AZUL',32000,0,24040,'FLEX',1,''),(116,'TOYOTA','COROLLA ALTIS 1.8 16V AUT HIBRIDO',53850290174,'XAA-7087',2022,'VERMELHO',165200,1,0,'GASOLINA',1,''),(117,'TOYOTA','COROLLA ALTIS PREM. 1.8 AUT. HÍBRIDO',29192739369,'WPQ-2107',2022,'PRETO',168900,1,0,'GASOLINA',1,''),(118,'TOYOTA','COROLLA CROSS SE 1.8 16V AUT (HÍBRIDO)',99332370889,'FBT-5100',2022,'PRETO',188900,1,0,'GASOLINA',1,''),(119,'TOYOTA','COROLLA CROSS XR 2.0 16V FLEX AUT',14457295599,'PNO-6725',2022,'BRANCO',150200,1,0,'GASOLINA',1,''),(120,'TOYOTA','RAV4 2.5 SX CONNECT 4X4 AUT. (HÍBRIDO)',86207496257,'XUX-9703',2022,'PRETO',302800,1,0,'DIESEL',1,''),(121,'TOYOTA','YARIS XL LIVE SEDAN 1.5 FLEX 16V 4P AUT',52427014600,'KSK-1129',2022,'CINZA',92100,1,0,'GASOLINA',1,''),(122,'TOYOTA','HILUX SW4 DIAMOND 2.8 TB 4X4 DIE. AUT',4188950000,'CYC-5183',2022,'CINZA',421800,1,0,'DIESEL',1,''),(123,'VOLKSWAGEM','NIVUS HIGHLINE 1.0 TSI',75884953533,'EGV-9652',2022,'PRETO',132000,1,0,'GASOLINA',1,''),(124,'VOLKSWAGEM','POLO HIGHLINE 1.0',30101025141,'EFG-5215',2022,'PRETO',74000,1,0,'FLEX',1,''),(125,'VOLKSWAGEM','VOYAGE HIGHLINE 1.6 SEDA',2521337011,'MAT-8202',2022,'PRATA',76000,1,0,'FLEX',1,''),(126,'VOLKSWAGEM','KOMBI STANDARD LAST EDITION',49201041002,'DFG-9652',2014,'AZUL',65000,0,37298,'FLEX',1,''),(127,'VOLKSWAGEM','GOLF COMFORTLINE TSI AT 1.4',49384041713,'MAU-9520',2014,'BRANCO',75000,0,18957,'GASOLINA',1,''),(128,'VOLKSWAGEM','NIVUS HIGHLINE 1.0 TSI',88256783658,'GPM-8127',2022,'PRETO',132000,1,0,'GASOLINA',1,''),(129,'VOLKSWAGEM','POLO HIGHLINE 1.0',52898952122,'IQT-8751',2022,'PRETO',74000,1,0,'FLEX',1,''),(130,'VOLKSWAGEM','VOYAGE HIGHLINE 1.6 SEDA',2449122847,'XPN-2254',2022,'PRATA',76000,1,0,'FLEX',1,''),(131,'VOLKSWAGEM','KOMBI STANDARD',50779721985,'XEJ-9730',2013,'BRANCO',48900,0,31506,'FLEX',1,''),(132,'VOLKSWAGEM','KOMBI STANDARD LAST EDITION',37484774928,'MUL-1663',2014,'AZUL',65000,0,23000,'FLEX',1,''),(133,'VOLKSWAGEM','GOLF COMFORTLINE TSI AT 1.4',22909127643,'DVF-3098',2014,'BRANCO',75000,0,16050,'GASOLINA',1,''),(134,'VOLKSWAGEM','GOL 2022 1.0 MT',51716307886,'VGF-7159',2022,'BRANCO',60300,1,0,'GASOLINA',1,''),(135,'VOLKSWAGEM','GOL 2022 1.6 MT',96343207928,'QFM-6169',2022,'CINZA',66900,1,0,'GASOLINA',0,''),(136,'VOLKSWAGEM','GOL 2022 1.6 AT',12332737889,'HKN-7036',2022,'PRETO',74200,1,0,'GASOLINA',0,''),(137,'VOLKSWAGEM','VOYAGE 1.0 2020',23301524789,'XAH-4994',2020,'PRETO',50500,0,23350,'FLEX',1,''),(138,'VOLKSWAGEM','VOYAGE 1.6 2022',6190749367,'NUQ-9479',2022,'VERMELHO',70100,1,0,'FLEX',0,''),(139,'VOLKSWAGEM','VOYAGE 1.0 2022',23303224779,'XOH-4594',2022,'AZUL',64900,1,0,'FLEX',0,'');
/*!40000 ALTER TABLE `veiculos` ENABLE KEYS */;
UNLOCK TABLES;

--
-- Table structure for table `veiculosvendidos`
--

DROP TABLE IF EXISTS `veiculosvendidos`;
/*!40101 SET @saved_cs_client     = @@character_set_client */;
/*!50503 SET character_set_client = utf8mb4 */;
CREATE TABLE `veiculosvendidos` (
  `VEV_IdVeiculoVendido` int NOT NULL,
  `VEV_IdVeiculo` int NOT NULL,
  `VEV_IdVenda` int NOT NULL,
  PRIMARY KEY (`VEV_IdVeiculoVendido`),
  UNIQUE KEY `VEV_IdVeiculo_UNIQUE` (`VEV_IdVeiculo`) /*!80000 INVISIBLE */,
  UNIQUE KEY `VEV_IdVenda_UNIQUE` (`VEV_IdVenda`),
  KEY `VEV_IdVenda_FK_idx` (`VEV_IdVenda`) /*!80000 INVISIBLE */,
  CONSTRAINT `VEV_IdVeiculo_FK` FOREIGN KEY (`VEV_IdVeiculo`) REFERENCES `veiculos` (`VEI_IdVeiculo`),
  CONSTRAINT `VEV_IdVenda_FK` FOREIGN KEY (`VEV_IdVenda`) REFERENCES `vendas` (`VEN_IdVenda`)
) ENGINE=InnoDB DEFAULT CHARSET=utf8mb3;
/*!40101 SET character_set_client = @saved_cs_client */;

--
-- Dumping data for table `veiculosvendidos`
--

LOCK TABLES `veiculosvendidos` WRITE;
/*!40000 ALTER TABLE `veiculosvendidos` DISABLE KEYS */;
INSERT INTO `veiculosvendidos` VALUES (1,139,9),(2,138,10),(3,136,11),(4,135,12);
/*!40000 ALTER TABLE `veiculosvendidos` ENABLE KEYS */;
UNLOCK TABLES;

--
-- Table structure for table `vendas`
--

DROP TABLE IF EXISTS `vendas`;
/*!40101 SET @saved_cs_client     = @@character_set_client */;
/*!50503 SET character_set_client = utf8mb4 */;
CREATE TABLE `vendas` (
  `VEN_IdVenda` int NOT NULL AUTO_INCREMENT,
  `VEN_IdFunc` int NOT NULL,
  `VEN_IdCliente` int NOT NULL,
  `VEN_DtdVenda` date NOT NULL,
  `VEN_IdVeiculo` int NOT NULL,
  `VEN_NumNotaFiscal` int NOT NULL,
  `VEN_ValorTotal` float NOT NULL,
  `VEN_Financiamento` varchar(3) DEFAULT NULL,
  `VEN_ValorFinan` float DEFAULT NULL,
  `VEN_QtdParcela` int DEFAULT NULL,
  `VEN_ValorParcela` float DEFAULT NULL,
  `VEN_ValorEntrada` float DEFAULT NULL,
  PRIMARY KEY (`VEN_IdVenda`),
  KEY `VEN_IdCliente_idx` (`VEN_IdCliente`),
  KEY `VEN_IdFunc_idx` (`VEN_IdFunc`),
  KEY `VEN_IdVeiculo_FK_idx` (`VEN_IdVeiculo`),
  CONSTRAINT `VEN_IdCliente_FK` FOREIGN KEY (`VEN_IdCliente`) REFERENCES `clientes` (`CLI_IdCliente`),
  CONSTRAINT `VEN_IdFunc_FK` FOREIGN KEY (`VEN_IdFunc`) REFERENCES `funcionarios` (`FUN_IdFuncionario`),
  CONSTRAINT `VEN_IdVeiculo_FK` FOREIGN KEY (`VEN_IdVeiculo`) REFERENCES `veiculos` (`VEI_IdVeiculo`)
) ENGINE=InnoDB AUTO_INCREMENT=13 DEFAULT CHARSET=utf8mb3;
/*!40101 SET character_set_client = @saved_cs_client */;

--
-- Dumping data for table `vendas`
--

LOCK TABLES `vendas` WRITE;
/*!40000 ALTER TABLE `vendas` DISABLE KEYS */;
INSERT INTO `vendas` VALUES (1,11,1,'2022-10-17',1,12345,14900,'Sim',10000,12,833,4900),(2,11,2,'2022-10-18',10,67891,28600,'Sim',20000,12,500,2600),(3,11,4,'2022-10-18',6,67892,31000,'Não',0,1,0,3100),(4,11,7,'2022-10-19',10,67893,28600,'Sim',20000,12,500,2600),(5,11,8,'2022-10-19',25,67894,99.5,'Sim',5000,12,46666,4950),(6,11,9,'2022-10-19',25,67895,99.5,'Sim',5000,24,25833,4950),(7,11,4,'2022-10-19',25,67896,99500,'Sim',49500,36,187000,50000),(8,11,9,'2022-10-19',25,67897,99500,'Sim',39500,36,1492.22,60),(9,12,25,'2022-10-26',139,67898,64900,'Sim',34900,48,1076.08,30000),(10,10,20,'2022-10-28',138,67899,70100,'Sim',50100,48,1544.75,20000),(11,10,21,'2022-10-28',136,67900,74200,'Sim',54200,48,1671.17,20000),(12,10,15,'2022-10-28',135,67901,66900,'Sim',46900,48,1446.08,20000);
/*!40000 ALTER TABLE `vendas` ENABLE KEYS */;
UNLOCK TABLES;

--
-- Dumping events for database 'mydb'
--

--
-- Dumping routines for database 'mydb'
--
/*!40103 SET TIME_ZONE=@OLD_TIME_ZONE */;

/*!40101 SET SQL_MODE=@OLD_SQL_MODE */;
/*!40014 SET FOREIGN_KEY_CHECKS=@OLD_FOREIGN_KEY_CHECKS */;
/*!40014 SET UNIQUE_CHECKS=@OLD_UNIQUE_CHECKS */;
/*!40101 SET CHARACTER_SET_CLIENT=@OLD_CHARACTER_SET_CLIENT */;
/*!40101 SET CHARACTER_SET_RESULTS=@OLD_CHARACTER_SET_RESULTS */;
/*!40101 SET COLLATION_CONNECTION=@OLD_COLLATION_CONNECTION */;
/*!40111 SET SQL_NOTES=@OLD_SQL_NOTES */;

-- Dump completed on 2022-11-01 22:00:38
